company_short,year,topic_0_proportion,topic_1_proportion,topic_2_proportion,topic_3_proportion,topic_4_proportion,topic_5_proportion,topic_6_proportion,topic_7_proportion,topic_8_proportion,topic_9_proportion,topic_10_proportion,topic_11_proportion,topic_12_proportion,topic_13_proportion,topic_14_proportion,topic_15_proportion,topic_16_proportion,topic_17_proportion,topic_18_proportion,topic_19_proportion,topic_20_proportion,topic_21_proportion,topic_22_proportion,topic_23_proportion,topic_24_proportion,topic_25_proportion,topic_26_proportion,topic_27_proportion,topic_28_proportion,topic_29_proportion,topic_30_proportion,topic_31_proportion,topic_32_proportion,topic_33_proportion,topic_34_proportion,topic_35_proportion,topic_36_proportion,topic_37_proportion,topic_38_proportion,topic_39_proportion,topic_40_proportion,topic_41_proportion,topic_42_proportion,topic_43_proportion,topic_44_proportion,topic_45_proportion,topic_46_proportion,topic_47_proportion,topic_48_proportion,topic_49_proportion,topic_50_proportion,topic_51_proportion,topic_52_proportion,topic_53_proportion,topic_54_proportion,topic_55_proportion,topic_56_proportion,topic_57_proportion,topic_58_proportion,topic_59_proportion,topic_60_proportion
ASOS,2019,0.18840579710144928,0.014492753623188406,0.014492753623188406,0.07246376811594203,0.014492753623188406,0.028985507246376812,0.0,0.043478260869565216,0.043478260869565216,0.028985507246376812,0.0,0.028985507246376812,0.014492753623188406,0.0,0.014492753623188406,0.0,0.0,0.028985507246376812,0.014492753623188406,0.0,0.0,0.014492753623188406,0.0,0.028985507246376812,0.15942028985507245,0.028985507246376812,0.0,0.0,0.028985507246376812,0.028985507246376812,0.014492753623188406,0.014492753623188406,0.0,0.014492753623188406,0.028985507246376812,0.014492753623188406,0.014492753623188406,0.0,0.0,0.0,0.014492753623188406,0.0,0.0,0.0,0.0,0.0,0.0,0.0,0.0,0.0,0.0,0.0,0.014492753623188406,0.014492753623188406,0.0,0.0,0.014492753623188406,0.0,0.0,0.0,0.0
ASOS,2020,0.2236842105263158,0.0,0.013157894736842105,0.039473684210526314,0.039473684210526314,0.039473684210526314,0.0,0.06578947368421052,0.02631578947368421,0.02631578947368421,0.0,0.013157894736842105,0.013157894736842105,0.0,0.013157894736842105,0.02631578947368421,0.013157894736842105,0.02631578947368421,0.013157894736842105,0.0,0.0,0.0,0.0,0.013157894736842105,0.13157894736842105,0.013157894736842105,0.0,0.0,0.039473684210526314,0.05263157894736842,0.0,0.013157894736842105,0.0,0.013157894736842105,0.0,0.0,0.013157894736842105,0.0,0.013157894736842105,0.0,0.013157894736842105,0.0,0.0,0.013157894736842105,0.0,0.0,0.0,0.013157894736842105,0.0,0.0,0.02631578947368421,0.0,0.02631578947368421,0.013157894736842105,0.0,0.0,0.0,0.0,0.0,0.0,0.0
ASOS,2021,0.18888888888888888,0.044444444444444446,0.03333333333333333,0.03333333333333333,0.011111111111111112,0.03333333333333333,0.0,0.044444444444444446,0.044444444444444446,0.05555555555555555,0.0,0.0,0.011111111111111112,0.0,0.022222222222222223,0.011111111111111112,0.011111111111111112,0.03333333333333333,0.0,0.0,0.011111111111111112,0.0,0.0,0.022222222222222223,0.07777777777777778,0.011111111111111112,0.03333333333333333,0.0,0.03333333333333333,0.03333333333333333,0.011111111111111112,0.0,0.011111111111111112,0.011111111111111112,0.011111111111111112,0.011111111111111112,0.011111111111111112,0.0,0.011111111111111112,0.011111111111111112,0.022222222222222223,0.0,0.0,0.011111111111111112,0.0,0.0,0.0,0.011111111111111112,0.0,0.011111111111111112,0.011111111111111112,0.0,0.022222222222222223,0.0,0.0,0.011111111111111112,0.011111111111111112,0.0,0.0,0.0,0.0
ASOS,2022,0.2,0.01818181818181818,0.02727272727272727,0.02727272727272727,0.01818181818181818,0.02727272727272727,0.0,0.02727272727272727,0.01818181818181818,0.045454545454545456,0.05454545454545454,0.01818181818181818,0.0,0.0,0.01818181818181818,0.00909090909090909,0.0,0.01818181818181818,0.01818181818181818,0.0,0.01818181818181818,0.00909090909090909,0.0,0.01818181818181818,0.05454545454545454,0.01818181818181818,0.01818181818181818,0.0,0.01818181818181818,0.02727272727272727,0.02727272727272727,0.0,0.0,0.00909090909090909,0.00909090909090909,0.0,0.02727272727272727,0.0,0.01818181818181818,0.00909090909090909,0.03636363636363636,0.0,0.0,0.00909090909090909,0.01818181818181818,0.01818181818181818,0.0,0.01818181818181818,0.0,0.00909090909090909,0.00909090909090909,0.0,0.01818181818181818,0.00909090909090909,0.00909090909090909,0.0,0.00909090909090909,0.00909090909090909,0.0,0.0,0.0
ASOS,2023,0.11965811965811966,0.017094017094017096,0.008547008547008548,0.02564102564102564,0.03418803418803419,0.02564102564102564,0.0,0.03418803418803419,0.017094017094017096,0.03418803418803419,0.06837606837606838,0.008547008547008548,0.017094017094017096,0.0,0.02564102564102564,0.008547008547008548,0.008547008547008548,0.017094017094017096,0.008547008547008548,0.008547008547008548,0.017094017094017096,0.017094017094017096,0.0,0.0,0.05982905982905983,0.017094017094017096,0.03418803418803419,0.0,0.017094017094017096,0.06837606837606838,0.02564102564102564,0.0,0.0,0.017094017094017096,0.008547008547008548,0.03418803418803419,0.017094017094017096,0.0,0.017094017094017096,0.008547008547008548,0.017094017094017096,0.0,0.0,0.008547008547008548,0.0,0.02564102564102564,0.0,0.0,0.0,0.0,0.008547008547008548,0.008547008547008548,0.042735042735042736,0.017094017094017096,0.017094017094017096,0.0,0.008547008547008548,0.0,0.0,0.0,0.0
ASOS,2024,0.1282051282051282,0.042735042735042736,0.02564102564102564,0.02564102564102564,0.03418803418803419,0.017094017094017096,0.0,0.05128205128205128,0.017094017094017096,0.05128205128205128,0.05128205128205128,0.017094017094017096,0.008547008547008548,0.0,0.042735042735042736,0.008547008547008548,0.008547008547008548,0.017094017094017096,0.008547008547008548,0.008547008547008548,0.008547008547008548,0.008547008547008548,0.0,0.017094017094017096,0.05982905982905983,0.008547008547008548,0.0,0.0,0.008547008547008548,0.03418803418803419,0.008547008547008548,0.0,0.0,0.017094017094017096,0.02564102564102564,0.03418803418803419,0.017094017094017096,0.0,0.02564102564102564,0.008547008547008548,0.02564102564102564,0.0,0.0,0.017094017094017096,0.008547008547008548,0.008547008547008548,0.0,0.017094017094017096,0.0,0.0,0.008547008547008548,0.0,0.042735042735042736,0.008547008547008548,0.0,0.008547008547008548,0.008547008547008548,0.0,0.0,0.0,0.0
BOOHOO,2019,0.27906976744186046,0.0,0.0,0.046511627906976744,0.046511627906976744,0.023255813953488372,0.0,0.0,0.0,0.0,0.0,0.023255813953488372,0.046511627906976744,0.0,0.0,0.046511627906976744,0.0,0.023255813953488372,0.023255813953488372,0.0,0.0,0.0,0.0,0.046511627906976744,0.0,0.046511627906976744,0.023255813953488372,0.0,0.023255813953488372,0.0,0.0,0.0,0.0,0.0,0.023255813953488372,0.023255813953488372,0.0,0.0,0.0,0.0,0.023255813953488372,0.0,0.09302325581395349,0.023255813953488372,0.046511627906976744,0.0,0.0,0.0,0.0,0.0,0.0,0.0,0.0,0.0,0.0,0.023255813953488372,0.023255813953488372,0.0,0.023255813953488372,0.0,0.0
BOOHOO,2020,0.21153846153846154,0.0,0.0,0.019230769230769232,0.038461538461538464,0.0,0.0,0.019230769230769232,0.038461538461538464,0.019230769230769232,0.0,0.057692307692307696,0.019230769230769232,0.0,0.0,0.019230769230769232,0.038461538461538464,0.019230769230769232,0.038461538461538464,0.0,0.0,0.0,0.0,0.019230769230769232,0.0,0.057692307692307696,0.0,0.0,0.019230769230769232,0.0,0.019230769230769232,0.0,0.0,0.019230769230769232,0.0,0.057692307692307696,0.0,0.0,0.0,0.0,0.019230769230769232,0.0,0.17307692307692307,0.038461538461538464,0.0,0.0,0.0,0.0,0.0,0.019230769230769232,0.0,0.0,0.0,0.0,0.0,0.0,0.0,0.0,0.019230769230769232,0.0,0.0
BOOHOO,2021,0.25925925925925924,0.0,0.0,0.05555555555555555,0.0,0.018518518518518517,0.0,0.018518518518518517,0.05555555555555555,0.0,0.0,0.0,0.07407407407407407,0.0,0.0,0.018518518518518517,0.018518518518518517,0.018518518518518517,0.0,0.0,0.037037037037037035,0.018518518518518517,0.0,0.018518518518518517,0.0,0.05555555555555555,0.0,0.0,0.018518518518518517,0.0,0.018518518518518517,0.0,0.0,0.018518518518518517,0.05555555555555555,0.05555555555555555,0.0,0.0,0.0,0.018518518518518517,0.0,0.0,0.09259259259259259,0.0,0.05555555555555555,0.0,0.0,0.0,0.0,0.0,0.0,0.0,0.0,0.0,0.0,0.0,0.0,0.0,0.0,0.0,0.0
BOOHOO,2022,0.19718309859154928,0.0,0.0,0.04225352112676056,0.014084507042253521,0.014084507042253521,0.0,0.07042253521126761,0.028169014084507043,0.014084507042253521,0.028169014084507043,0.014084507042253521,0.056338028169014086,0.0,0.0,0.0,0.028169014084507043,0.014084507042253521,0.028169014084507043,0.0,0.04225352112676056,0.014084507042253521,0.0,0.014084507042253521,0.0,0.04225352112676056,0.0,0.0,0.014084507042253521,0.0,0.0,0.0,0.0,0.0,0.028169014084507043,0.04225352112676056,0.0,0.0,0.014084507042253521,0.014084507042253521,0.014084507042253521,0.0,0.07042253521126761,0.0,0.014084507042253521,0.056338028169014086,0.0,0.0,0.0,0.0,0.014084507042253521,0.0,0.0,0.0,0.0,0.0,0.014084507042253521,0.014084507042253521,0.028169014084507043,0.0,0.0
BOOHOO,2023,0.2328767123287671,0.0136986301369863,0.0,0.0410958904109589,0.0,0.0136986301369863,0.0,0.0136986301369863,0.0273972602739726,0.0136986301369863,0.0410958904109589,0.0136986301369863,0.0684931506849315,0.0,0.0,0.0136986301369863,0.0,0.0136986301369863,0.0136986301369863,0.0,0.0273972602739726,0.0547945205479452,0.0,0.0273972602739726,0.0,0.0410958904109589,0.0136986301369863,0.0,0.0136986301369863,0.0,0.0136986301369863,0.0,0.0,0.0136986301369863,0.0136986301369863,0.0410958904109589,0.0,0.0,0.0136986301369863,0.0136986301369863,0.0136986301369863,0.0,0.0684931506849315,0.0273972602739726,0.0136986301369863,0.0136986301369863,0.0,0.0,0.0,0.0136986301369863,0.0,0.0,0.0136986301369863,0.0,0.0,0.0136986301369863,0.0,0.0,0.0136986301369863,0.0,0.0
BOOHOO,2024,0.22666666666666666,0.013333333333333334,0.013333333333333334,0.05333333333333334,0.0,0.0,0.0,0.013333333333333334,0.04,0.0,0.06666666666666667,0.0,0.04,0.0,0.013333333333333334,0.0,0.02666666666666667,0.0,0.013333333333333334,0.0,0.06666666666666667,0.04,0.0,0.013333333333333334,0.0,0.04,0.0,0.0,0.04,0.013333333333333334,0.013333333333333334,0.0,0.0,0.0,0.013333333333333334,0.02666666666666667,0.0,0.0,0.0,0.013333333333333334,0.013333333333333334,0.0,0.06666666666666667,0.02666666666666667,0.0,0.013333333333333334,0.0,0.0,0.0,0.013333333333333334,0.02666666666666667,0.0,0.0,0.0,0.013333333333333334,0.0,0.0,0.0,0.013333333333333334,0.013333333333333334,0.0
JD,2019,0.10989010989010989,0.08791208791208792,0.01098901098901099,0.02197802197802198,0.054945054945054944,0.0,0.12087912087912088,0.01098901098901099,0.02197802197802198,0.01098901098901099,0.0,0.04395604395604396,0.01098901098901099,0.0,0.03296703296703297,0.01098901098901099,0.03296703296703297,0.01098901098901099,0.02197802197802198,0.0,0.02197802197802198,0.01098901098901099,0.0,0.01098901098901099,0.0,0.0,0.01098901098901099,0.0,0.02197802197802198,0.01098901098901099,0.01098901098901099,0.0,0.0,0.02197802197802198,0.0,0.0,0.01098901098901099,0.06593406593406594,0.0,0.01098901098901099,0.0,0.0,0.0,0.02197802197802198,0.0,0.0,0.01098901098901099,0.0,0.03296703296703297,0.0,0.01098901098901099,0.0,0.01098901098901099,0.02197802197802198,0.02197802197802198,0.0,0.01098901098901099,0.01098901098901099,0.02197802197802198,0.0,0.0
JD,2020,0.12389380530973451,0.07079646017699115,0.02654867256637168,0.02654867256637168,0.09734513274336283,0.008849557522123894,0.07964601769911504,0.0,0.017699115044247787,0.017699115044247787,0.0,0.04424778761061947,0.02654867256637168,0.0,0.02654867256637168,0.017699115044247787,0.035398230088495575,0.0,0.0,0.0,0.05309734513274336,0.008849557522123894,0.0,0.0,0.0,0.0,0.017699115044247787,0.0,0.017699115044247787,0.0,0.017699115044247787,0.0,0.0,0.017699115044247787,0.0,0.0,0.008849557522123894,0.05309734513274336,0.0,0.008849557522123894,0.0,0.0,0.0,0.017699115044247787,0.017699115044247787,0.008849557522123894,0.017699115044247787,0.0,0.035398230088495575,0.0,0.008849557522123894,0.008849557522123894,0.0,0.0,0.017699115044247787,0.008849557522123894,0.008849557522123894,0.008849557522123894,0.008849557522123894,0.008849557522123894,0.0
JD,2021,0.11594202898550725,0.08695652173913043,0.036231884057971016,0.014492753623188406,0.07246376811594203,0.0,0.09420289855072464,0.007246376811594203,0.021739130434782608,0.021739130434782608,0.014492753623188406,0.028985507246376812,0.028985507246376812,0.0,0.043478260869565216,0.0,0.050724637681159424,0.007246376811594203,0.0,0.0,0.014492753623188406,0.007246376811594203,0.0,0.021739130434782608,0.0,0.0,0.014492753623188406,0.0,0.0,0.0,0.014492753623188406,0.0,0.0,0.007246376811594203,0.0,0.0,0.007246376811594203,0.043478260869565216,0.021739130434782608,0.007246376811594203,0.0,0.0,0.0,0.028985507246376812,0.007246376811594203,0.007246376811594203,0.007246376811594203,0.014492753623188406,0.036231884057971016,0.007246376811594203,0.028985507246376812,0.014492753623188406,0.007246376811594203,0.0,0.007246376811594203,0.0,0.0,0.021739130434782608,0.007246376811594203,0.0,0.0
JD,2022,0.09210526315789473,0.11842105263157894,0.019736842105263157,0.013157894736842105,0.046052631578947366,0.006578947368421052,0.1513157894736842,0.006578947368421052,0.006578947368421052,0.019736842105263157,0.039473684210526314,0.03289473684210526,0.03289473684210526,0.006578947368421052,0.019736842105263157,0.013157894736842105,0.02631578947368421,0.019736842105263157,0.019736842105263157,0.0,0.006578947368421052,0.006578947368421052,0.0,0.013157894736842105,0.0,0.0,0.013157894736842105,0.0,0.013157894736842105,0.0,0.006578947368421052,0.0,0.0,0.013157894736842105,0.0,0.0,0.006578947368421052,0.039473684210526314,0.006578947368421052,0.019736842105263157,0.0,0.0,0.0,0.006578947368421052,0.019736842105263157,0.006578947368421052,0.0,0.0,0.013157894736842105,0.0,0.013157894736842105,0.006578947368421052,0.006578947368421052,0.006578947368421052,0.006578947368421052,0.013157894736842105,0.013157894736842105,0.019736842105263157,0.0,0.03289473684210526,0.0
JD,2023,0.11538461538461539,0.0989010989010989,0.01098901098901099,0.01098901098901099,0.03296703296703297,0.0,0.12637362637362637,0.01098901098901099,0.027472527472527472,0.016483516483516484,0.03296703296703297,0.027472527472527472,0.02197802197802198,0.005494505494505495,0.02197802197802198,0.01098901098901099,0.038461538461538464,0.016483516483516484,0.016483516483516484,0.01098901098901099,0.016483516483516484,0.005494505494505495,0.0,0.005494505494505495,0.0,0.0,0.01098901098901099,0.0,0.005494505494505495,0.0,0.016483516483516484,0.005494505494505495,0.005494505494505495,0.01098901098901099,0.005494505494505495,0.01098901098901099,0.01098901098901099,0.03296703296703297,0.016483516483516484,0.016483516483516484,0.0,0.0,0.0,0.01098901098901099,0.0,0.0,0.0,0.005494505494505495,0.04395604395604396,0.01098901098901099,0.005494505494505495,0.0,0.0,0.0,0.005494505494505495,0.016483516483516484,0.0,0.02197802197802198,0.005494505494505495,0.04395604395604396,0.0
JD,2024,0.08139534883720931,0.12209302325581395,0.023255813953488372,0.023255813953488372,0.03488372093023256,0.011627906976744186,0.12209302325581395,0.029069767441860465,0.023255813953488372,0.011627906976744186,0.03488372093023256,0.023255813953488372,0.01744186046511628,0.005813953488372093,0.01744186046511628,0.011627906976744186,0.029069767441860465,0.01744186046511628,0.0,0.005813953488372093,0.01744186046511628,0.011627906976744186,0.0,0.011627906976744186,0.0,0.005813953488372093,0.005813953488372093,0.0,0.01744186046511628,0.005813953488372093,0.023255813953488372,0.0,0.005813953488372093,0.005813953488372093,0.0,0.005813953488372093,0.005813953488372093,0.029069767441860465,0.005813953488372093,0.005813953488372093,0.0,0.0,0.0,0.011627906976744186,0.011627906976744186,0.01744186046511628,0.0,0.01744186046511628,0.03488372093023256,0.011627906976744186,0.005813953488372093,0.005813953488372093,0.0,0.005813953488372093,0.005813953488372093,0.01744186046511628,0.0,0.005813953488372093,0.011627906976744186,0.029069767441860465,0.0
MKS,2019,0.14074074074074075,0.05925925925925926,0.06666666666666667,0.05185185185185185,0.02962962962962963,0.0,0.0,0.02962962962962963,0.044444444444444446,0.014814814814814815,0.0,0.014814814814814815,0.007407407407407408,0.037037037037037035,0.014814814814814815,0.014814814814814815,0.0,0.007407407407407408,0.022222222222222223,0.022222222222222223,0.007407407407407408,0.022222222222222223,0.06666666666666667,0.014814814814814815,0.0,0.0,0.007407407407407408,0.05185185185185185,0.0,0.007407407407407408,0.014814814814814815,0.022222222222222223,0.007407407407407408,0.0,0.02962962962962963,0.007407407407407408,0.014814814814814815,0.0,0.0,0.014814814814814815,0.007407407407407408,0.02962962962962963,0.0,0.0,0.007407407407407408,0.0,0.0,0.014814814814814815,0.0,0.0,0.007407407407407408,0.014814814814814815,0.0,0.007407407407407408,0.007407407407407408,0.007407407407407408,0.014814814814814815,0.007407407407407408,0.007407407407407408,0.0,0.0
MKS,2020,0.18292682926829268,0.06097560975609756,0.036585365853658534,0.042682926829268296,0.012195121951219513,0.012195121951219513,0.0,0.03048780487804878,0.012195121951219513,0.03048780487804878,0.0,0.06707317073170732,0.006097560975609756,0.018292682926829267,0.03048780487804878,0.006097560975609756,0.0,0.006097560975609756,0.018292682926829267,0.04878048780487805,0.0,0.024390243902439025,0.024390243902439025,0.012195121951219513,0.0,0.006097560975609756,0.006097560975609756,0.036585365853658534,0.006097560975609756,0.024390243902439025,0.006097560975609756,0.07317073170731707,0.0,0.012195121951219513,0.036585365853658534,0.0,0.012195121951219513,0.0,0.0,0.006097560975609756,0.006097560975609756,0.018292682926829267,0.0,0.0,0.0,0.0,0.0,0.006097560975609756,0.0,0.012195121951219513,0.0,0.0,0.0,0.006097560975609756,0.012195121951219513,0.012195121951219513,0.0,0.012195121951219513,0.006097560975609756,0.0,0.0
MKS,2021,0.15337423312883436,0.0736196319018405,0.07975460122699386,0.049079754601226995,0.006134969325153374,0.018404907975460124,0.0,0.018404907975460124,0.03067484662576687,0.024539877300613498,0.012269938650306749,0.03680981595092025,0.012269938650306749,0.03680981595092025,0.006134969325153374,0.006134969325153374,0.0,0.018404907975460124,0.006134969325153374,0.03680981595092025,0.012269938650306749,0.018404907975460124,0.03067484662576687,0.012269938650306749,0.0,0.0,0.006134969325153374,0.03680981595092025,0.006134969325153374,0.012269938650306749,0.012269938650306749,0.05521472392638037,0.0,0.012269938650306749,0.018404907975460124,0.0,0.006134969325153374,0.0,0.006134969325153374,0.012269938650306749,0.006134969325153374,0.018404907975460124,0.0,0.0,0.006134969325153374,0.006134969325153374,0.006134969325153374,0.006134969325153374,0.0,0.006134969325153374,0.0,0.006134969325153374,0.0,0.012269938650306749,0.006134969325153374,0.006134969325153374,0.012269938650306749,0.018404907975460124,0.0,0.0,0.0
MKS,2022,0.14814814814814814,0.05555555555555555,0.06172839506172839,0.04938271604938271,0.012345679012345678,0.024691358024691357,0.0,0.030864197530864196,0.018518518518518517,0.024691358024691357,0.018518518518518517,0.05555555555555555,0.006172839506172839,0.018518518518518517,0.018518518518518517,0.006172839506172839,0.0,0.024691358024691357,0.006172839506172839,0.04938271604938271,0.006172839506172839,0.012345679012345678,0.05555555555555555,0.006172839506172839,0.0,0.006172839506172839,0.018518518518518517,0.030864197530864196,0.012345679012345678,0.012345679012345678,0.006172839506172839,0.037037037037037035,0.0,0.006172839506172839,0.018518518518518517,0.0,0.006172839506172839,0.0,0.024691358024691357,0.006172839506172839,0.012345679012345678,0.018518518518518517,0.0,0.006172839506172839,0.0,0.0,0.006172839506172839,0.006172839506172839,0.0,0.0,0.006172839506172839,0.0,0.006172839506172839,0.006172839506172839,0.006172839506172839,0.006172839506172839,0.012345679012345678,0.0,0.012345679012345678,0.0,0.0
MKS,2023,0.1625,0.025,0.0625,0.05625,0.025,0.01875,0.0,0.00625,0.01875,0.04375,0.025,0.01875,0.0125,0.01875,0.0125,0.00625,0.0,0.0125,0.01875,0.0625,0.00625,0.0125,0.075,0.00625,0.0,0.00625,0.01875,0.0375,0.0125,0.0125,0.00625,0.025,0.0,0.01875,0.0125,0.0,0.00625,0.0,0.0125,0.00625,0.00625,0.025,0.0,0.0,0.00625,0.01875,0.0,0.0,0.0,0.00625,0.00625,0.0,0.0125,0.0125,0.00625,0.00625,0.00625,0.0,0.00625,0.0,0.0
MKS,2024,0.14285714285714285,0.034013605442176874,0.05442176870748299,0.034013605442176874,0.027210884353741496,0.006802721088435374,0.0,0.04081632653061224,0.034013605442176874,0.006802721088435374,0.034013605442176874,0.0,0.013605442176870748,0.027210884353741496,0.02040816326530612,0.006802721088435374,0.0,0.013605442176870748,0.02040816326530612,0.07482993197278912,0.006802721088435374,0.006802721088435374,0.061224489795918366,0.013605442176870748,0.0,0.0,0.013605442176870748,0.04081632653061224,0.0,0.006802721088435374,0.006802721088435374,0.034013605442176874,0.006802721088435374,0.0,0.027210884353741496,0.0,0.013605442176870748,0.0,0.027210884353741496,0.013605442176870748,0.006802721088435374,0.02040816326530612,0.0,0.0,0.006802721088435374,0.02040816326530612,0.0,0.006802721088435374,0.0,0.006802721088435374,0.0,0.006802721088435374,0.0,0.013605442176870748,0.006802721088435374,0.006802721088435374,0.013605442176870748,0.006802721088435374,0.006802721088435374,0.0,0.0
NEXT,2019,0.1592920353982301,0.017699115044247787,0.061946902654867256,0.05309734513274336,0.017699115044247787,0.09734513274336283,0.0,0.02654867256637168,0.017699115044247787,0.017699115044247787,0.0,0.008849557522123894,0.017699115044247787,0.061946902654867256,0.008849557522123894,0.04424778761061947,0.0,0.035398230088495575,0.02654867256637168,0.0,0.0,0.017699115044247787,0.0,0.017699115044247787,0.0,0.017699115044247787,0.008849557522123894,0.017699115044247787,0.008849557522123894,0.0,0.008849557522123894,0.0,0.05309734513274336,0.017699115044247787,0.0,0.008849557522123894,0.008849557522123894,0.0,0.0,0.008849557522123894,0.0,0.017699115044247787,0.0,0.0,0.008849557522123894,0.0,0.061946902654867256,0.008849557522123894,0.0,0.0,0.0,0.0,0.0,0.0,0.0,0.0,0.017699115044247787,0.0,0.0,0.0,0.017699115044247787
NEXT,2020,0.1773049645390071,0.0070921985815602835,0.0851063829787234,0.04964539007092199,0.04964539007092199,0.07801418439716312,0.0,0.02127659574468085,0.014184397163120567,0.02127659574468085,0.0,0.0,0.02127659574468085,0.03546099290780142,0.014184397163120567,0.0425531914893617,0.0070921985815602835,0.0070921985815602835,0.02127659574468085,0.0,0.0,0.02127659574468085,0.0,0.02127659574468085,0.0,0.02127659574468085,0.028368794326241134,0.0070921985815602835,0.0,0.0,0.0070921985815602835,0.0,0.03546099290780142,0.02127659574468085,0.0070921985815602835,0.0070921985815602835,0.014184397163120567,0.0,0.0,0.0070921985815602835,0.014184397163120567,0.0070921985815602835,0.0,0.0070921985815602835,0.02127659574468085,0.0,0.014184397163120567,0.014184397163120567,0.0,0.028368794326241134,0.0,0.0,0.0,0.0,0.0,0.014184397163120567,0.0,0.0,0.0,0.0,0.028368794326241134
NEXT,2021,0.1037037037037037,0.007407407407407408,0.05925925925925926,0.044444444444444446,0.037037037037037035,0.1037037037037037,0.0,0.02962962962962963,0.02962962962962963,0.022222222222222223,0.014814814814814815,0.0,0.014814814814814815,0.05185185185185185,0.02962962962962963,0.044444444444444446,0.014814814814814815,0.014814814814814815,0.022222222222222223,0.0,0.007407407407407408,0.014814814814814815,0.0,0.0,0.0,0.02962962962962963,0.007407407407407408,0.02962962962962963,0.007407407407407408,0.007407407407407408,0.007407407407407408,0.0,0.044444444444444446,0.007407407407407408,0.0,0.0,0.014814814814814815,0.0,0.007407407407407408,0.014814814814814815,0.007407407407407408,0.014814814814814815,0.0,0.007407407407407408,0.014814814814814815,0.007407407407407408,0.014814814814814815,0.0,0.0,0.014814814814814815,0.007407407407407408,0.0,0.0,0.014814814814814815,0.014814814814814815,0.007407407407407408,0.0,0.0,0.0,0.0,0.02962962962962963
NEXT,2022,0.12337662337662338,0.01948051948051948,0.05194805194805195,0.03896103896103896,0.03896103896103896,0.05194805194805195,0.0,0.045454545454545456,0.012987012987012988,0.012987012987012988,0.025974025974025976,0.025974025974025976,0.01948051948051948,0.045454545454545456,0.012987012987012988,0.045454545454545456,0.01948051948051948,0.006493506493506494,0.012987012987012988,0.0,0.012987012987012988,0.01948051948051948,0.0,0.012987012987012988,0.0,0.012987012987012988,0.01948051948051948,0.012987012987012988,0.006493506493506494,0.012987012987012988,0.012987012987012988,0.0,0.045454545454545456,0.012987012987012988,0.0,0.006493506493506494,0.006493506493506494,0.0,0.012987012987012988,0.006493506493506494,0.006493506493506494,0.012987012987012988,0.0,0.006493506493506494,0.012987012987012988,0.006493506493506494,0.045454545454545456,0.025974025974025976,0.006493506493506494,0.012987012987012988,0.006493506493506494,0.0,0.0,0.006493506493506494,0.006493506493506494,0.0,0.0,0.0,0.0,0.0,0.01948051948051948
NEXT,2023,0.13836477987421383,0.006289308176100629,0.06289308176100629,0.050314465408805034,0.012578616352201259,0.05660377358490566,0.0,0.025157232704402517,0.012578616352201259,0.018867924528301886,0.03773584905660377,0.0,0.025157232704402517,0.031446540880503145,0.012578616352201259,0.031446540880503145,0.025157232704402517,0.012578616352201259,0.031446540880503145,0.0,0.012578616352201259,0.018867924528301886,0.0,0.012578616352201259,0.0,0.018867924528301886,0.025157232704402517,0.006289308176100629,0.012578616352201259,0.006289308176100629,0.012578616352201259,0.0,0.05660377358490566,0.006289308176100629,0.0,0.018867924528301886,0.006289308176100629,0.0,0.006289308176100629,0.006289308176100629,0.018867924528301886,0.018867924528301886,0.0,0.006289308176100629,0.012578616352201259,0.012578616352201259,0.025157232704402517,0.006289308176100629,0.0,0.018867924528301886,0.006289308176100629,0.018867924528301886,0.0,0.006289308176100629,0.006289308176100629,0.0,0.0,0.0,0.0,0.0,0.025157232704402517
NEXT,2024,0.1144578313253012,0.030120481927710843,0.06626506024096386,0.04216867469879518,0.018072289156626505,0.060240963855421686,0.0,0.04216867469879518,0.018072289156626505,0.024096385542168676,0.018072289156626505,0.0,0.024096385542168676,0.04819277108433735,0.0,0.04216867469879518,0.024096385542168676,0.018072289156626505,0.018072289156626505,0.0,0.030120481927710843,0.0,0.0,0.018072289156626505,0.0,0.018072289156626505,0.012048192771084338,0.006024096385542169,0.012048192771084338,0.006024096385542169,0.012048192771084338,0.0,0.024096385542168676,0.018072289156626505,0.0,0.024096385542168676,0.012048192771084338,0.0,0.0,0.0,0.006024096385542169,0.018072289156626505,0.0,0.006024096385542169,0.0,0.012048192771084338,0.018072289156626505,0.024096385542168676,0.0,0.006024096385542169,0.006024096385542169,0.07228915662650602,0.0,0.006024096385542169,0.0,0.0,0.0,0.0,0.006024096385542169,0.0,0.018072289156626505
