company_short,year,word_count,clean_word_count,vader_neg,vader_neu,vader_pos,vader_compound,topic_0_proportion,topic_1_proportion,topic_2_proportion,topic_3_proportion,topic_4_proportion,topic_5_proportion,topic_6_proportion,topic_7_proportion,topic_8_proportion,topic_9_proportion,topic_10_proportion,topic_11_proportion,topic_12_proportion,topic_13_proportion,topic_14_proportion,topic_15_proportion,topic_16_proportion,topic_17_proportion,topic_18_proportion,topic_19_proportion,topic_20_proportion,topic_21_proportion,topic_22_proportion,topic_23_proportion,topic_24_proportion,topic_25_proportion,topic_26_proportion,topic_27_proportion,topic_28_proportion,topic_29_proportion,topic_30_proportion,topic_31_proportion,topic_32_proportion,topic_33_proportion,topic_34_proportion,topic_35_proportion,topic_36_proportion,topic_37_proportion,topic_38_proportion,topic_39_proportion,topic_40_proportion,topic_41_proportion,topic_42_proportion,topic_43_proportion,topic_44_proportion,topic_45_proportion,topic_46_proportion,topic_47_proportion,topic_48_proportion,topic_49_proportion,topic_50_proportion,topic_51_proportion,topic_52_proportion,topic_53_proportion,topic_54_proportion,topic_55_proportion,topic_56_proportion,topic_57_proportion,topic_58_proportion,topic_59_proportion,topic_60_proportion,scope_1_emissions_tco2e,scope_2_emissions_tco2e,scope_3_emissions_tco2e,total_emissions_tco2e,energy_consumption_mwh,renewable_energy_percent,waste_tonnes,recycling_percent,esg_notes,total_valid_chunks,esg_topic_chunks,esg_topic_proportion
ASOS,2019,56619,56113,0.0265833333333333,0.8456527777777778,0.1278055555555555,0.988711111111111,0.1884057971014492,0.0144927536231884,0.0144927536231884,0.072463768115942,0.0144927536231884,0.0289855072463768,0.0,0.0434782608695652,0.0434782608695652,0.0289855072463768,0.0,0.0289855072463768,0.0144927536231884,0.0,0.0144927536231884,0.0,0.0,0.0289855072463768,0.0144927536231884,0.0,0.0,0.0144927536231884,0.0,0.0289855072463768,0.1594202898550724,0.0289855072463768,0.0,0.0,0.0289855072463768,0.0289855072463768,0.0144927536231884,0.0144927536231884,0.0,0.0144927536231884,0.0289855072463768,0.0144927536231884,0.0144927536231884,0.0,0.0,0.0,0.0144927536231884,0.0,0.0,0.0,0.0,0.0,0.0,0.0,0.0,0.0,0.0,0.0,0.0144927536231884,0.0144927536231884,0.0,0.0,0.0144927536231884,0.0,0.0,0.0,0.0,,,,236720.0,,,,,total/operational carbon emissions = 236720.0 tco2e; ,69,4,0.0579710144927536
ASOS,2020,65844,65185,0.0299166666666666,0.8438095238095239,0.126297619047619,0.9412583333333332,0.2236842105263158,0.0,0.0131578947368421,0.0394736842105263,0.0394736842105263,0.0394736842105263,0.0,0.0657894736842105,0.0263157894736842,0.0263157894736842,0.0,0.0131578947368421,0.0131578947368421,0.0,0.0131578947368421,0.0263157894736842,0.0131578947368421,0.0263157894736842,0.0131578947368421,0.0,0.0,0.0,0.0,0.0131578947368421,0.131578947368421,0.0131578947368421,0.0,0.0,0.0394736842105263,0.0526315789473684,0.0,0.0131578947368421,0.0,0.0131578947368421,0.0,0.0,0.0131578947368421,0.0,0.0131578947368421,0.0,0.0131578947368421,0.0,0.0,0.0131578947368421,0.0,0.0,0.0,0.0131578947368421,0.0,0.0,0.0263157894736842,0.0,0.0263157894736842,0.0131578947368421,0.0,0.0,0.0,0.0,0.0,0.0,0.0,2955.0,11084.0,23.0,,50451.739,75.0,,,energy consumption = 50451739.0 kwh; scope 1 emissions = 2955.0 tco2e; scope 2 emissions = 11084.0 tco2e; scope 3 emissions = 23.0 tco2e; renewable energy percentage = 75.0 %; ,76,9,0.1184210526315789
ASOS,2021,73738,72928,0.028627659574468,0.8504574468085104,0.1208829787234042,0.8799212765957446,0.1888888888888888,0.0444444444444444,0.0333333333333333,0.0333333333333333,0.0111111111111111,0.0333333333333333,0.0,0.0444444444444444,0.0444444444444444,0.0555555555555555,0.0,0.0,0.0111111111111111,0.0,0.0222222222222222,0.0111111111111111,0.0111111111111111,0.0333333333333333,0.0,0.0,0.0111111111111111,0.0,0.0,0.0222222222222222,0.0777777777777777,0.0111111111111111,0.0333333333333333,0.0,0.0333333333333333,0.0333333333333333,0.0111111111111111,0.0,0.0111111111111111,0.0111111111111111,0.0111111111111111,0.0111111111111111,0.0111111111111111,0.0,0.0111111111111111,0.0111111111111111,0.0222222222222222,0.0,0.0,0.0111111111111111,0.0,0.0,0.0,0.0111111111111111,0.0,0.0111111111111111,0.0111111111111111,0.0,0.0222222222222222,0.0,0.0,0.0111111111111111,0.0111111111111111,0.0,0.0,0.0,0.0,3602.0,11338.0,18.0,14958.0,55873.228,,,,energy consumption = 55873228.0 kwh; scope 1 emissions = 3602.0 tco2e; scope 2 emissions = 11338.0 tco2e; scope 3 emissions = 18.0 tco2e; total/operational carbon emissions = 14958.0 tco2e; ,90,8,0.0888888888888888
ASOS,2022,96290,94828,0.0343934426229508,0.8538278688524591,0.1118770491803278,0.8406065573770491,0.2,0.0181818181818181,0.0272727272727272,0.0272727272727272,0.0181818181818181,0.0272727272727272,0.0,0.0272727272727272,0.0181818181818181,0.0454545454545454,0.0545454545454545,0.0181818181818181,0.0,0.0,0.0181818181818181,0.009090909090909,0.0,0.0181818181818181,0.0181818181818181,0.0,0.0181818181818181,0.009090909090909,0.0,0.0181818181818181,0.0545454545454545,0.0181818181818181,0.0181818181818181,0.0,0.0181818181818181,0.0272727272727272,0.0272727272727272,0.0,0.0,0.009090909090909,0.009090909090909,0.0,0.0272727272727272,0.0,0.0181818181818181,0.009090909090909,0.0363636363636363,0.0,0.0,0.009090909090909,0.0181818181818181,0.0181818181818181,0.0,0.0181818181818181,0.0,0.009090909090909,0.009090909090909,0.0,0.0181818181818181,0.009090909090909,0.009090909090909,0.0,0.009090909090909,0.009090909090909,0.0,0.0,0.0,3351.0,11497.0,,14848.0,59433.989,,,,scope 1 emissions = 3351.0 tco2e; energy consumption = 59433989.0 kwh; scope 2 emissions = 11497.0 tco2e; total/operational carbon emissions = 14848.0 tco2e; ,110,19,0.1727272727272727
ASOS,2023,99804,98213,0.0356929133858267,0.8559291338582676,0.1083937007874015,0.843732283464567,0.1196581196581196,0.017094017094017,0.0085470085470085,0.0256410256410256,0.0341880341880341,0.0256410256410256,0.0,0.0341880341880341,0.017094017094017,0.0341880341880341,0.0683760683760683,0.0085470085470085,0.017094017094017,0.0,0.0256410256410256,0.0085470085470085,0.0085470085470085,0.017094017094017,0.0085470085470085,0.0085470085470085,0.017094017094017,0.017094017094017,0.0,0.0,0.0598290598290598,0.017094017094017,0.0341880341880341,0.0,0.017094017094017,0.0683760683760683,0.0256410256410256,0.0,0.0,0.017094017094017,0.0085470085470085,0.0341880341880341,0.017094017094017,0.0,0.017094017094017,0.0085470085470085,0.017094017094017,0.0,0.0,0.0085470085470085,0.0,0.0256410256410256,0.0,0.0,0.0,0.0,0.0085470085470085,0.0085470085470085,0.0427350427350427,0.017094017094017,0.017094017094017,0.0,0.0085470085470085,0.0,0.0,0.0,0.0,,,,,,,,,,117,26,0.2222222222222222
ASOS,2024,101842,100236,0.0371908396946564,0.8542366412213741,0.1085801526717557,0.7953984732824427,0.1282051282051282,0.0427350427350427,0.0256410256410256,0.0256410256410256,0.0341880341880341,0.017094017094017,0.0,0.0512820512820512,0.017094017094017,0.0512820512820512,0.0512820512820512,0.017094017094017,0.0085470085470085,0.0,0.0427350427350427,0.0085470085470085,0.0085470085470085,0.017094017094017,0.0085470085470085,0.0085470085470085,0.0085470085470085,0.0085470085470085,0.0,0.017094017094017,0.0598290598290598,0.0085470085470085,0.0,0.0,0.0085470085470085,0.0341880341880341,0.0085470085470085,0.0,0.0,0.017094017094017,0.0256410256410256,0.0341880341880341,0.017094017094017,0.0,0.0256410256410256,0.0085470085470085,0.0256410256410256,0.0,0.0,0.017094017094017,0.0085470085470085,0.0085470085470085,0.0,0.017094017094017,0.0,0.0,0.0085470085470085,0.0,0.0427350427350427,0.0085470085470085,0.0,0.0085470085470085,0.0085470085470085,0.0,0.0,0.0,0.0,,,,,,,,,,117,23,0.1965811965811965
BOOHOO,2019,37311,36505,0.0332291666666666,0.8452083333333332,0.121625,0.90315,0.2790697674418604,0.0,0.0,0.0465116279069767,0.0465116279069767,0.0232558139534883,0.0,0.0,0.0,0.0,0.0,0.0232558139534883,0.0465116279069767,0.0,0.0,0.0465116279069767,0.0,0.0232558139534883,0.0232558139534883,0.0,0.0,0.0,0.0,0.0465116279069767,0.0,0.0465116279069767,0.0232558139534883,0.0,0.0232558139534883,0.0,0.0,0.0,0.0,0.0,0.0232558139534883,0.0232558139534883,0.0,0.0,0.0,0.0,0.0232558139534883,0.0,0.0930232558139534,0.0232558139534883,0.0465116279069767,0.0,0.0,0.0,0.0,0.0,0.0,0.0,0.0,0.0,0.0,0.0232558139534883,0.0232558139534883,0.0,0.0232558139534883,0.0,0.0,,,,,,,65.0,,waste/recycling amount = 65.0 tonnes; ,43,4,0.0930232558139534
BOOHOO,2020,44081,43329,0.0319642857142857,0.8431428571428572,0.1248392857142857,0.8507392857142858,0.2115384615384615,0.0,0.0,0.0192307692307692,0.0384615384615384,0.0,0.0,0.0192307692307692,0.0384615384615384,0.0192307692307692,0.0,0.0576923076923076,0.0192307692307692,0.0,0.0,0.0192307692307692,0.0384615384615384,0.0192307692307692,0.0384615384615384,0.0,0.0,0.0,0.0,0.0192307692307692,0.0,0.0576923076923076,0.0,0.0,0.0192307692307692,0.0,0.0192307692307692,0.0,0.0,0.0192307692307692,0.0,0.0576923076923076,0.0,0.0,0.0,0.0,0.0192307692307692,0.0,0.173076923076923,0.0384615384615384,0.0,0.0,0.0,0.0,0.0,0.0192307692307692,0.0,0.0,0.0,0.0,0.0,0.0,0.0,0.0,0.0192307692307692,0.0,0.0,,,,,,,,,renewable energy percentage = 100.0 %; ,52,8,0.1538461538461538
BOOHOO,2021,51706,51232,0.0296969696969696,0.8390454545454545,0.1313484848484848,0.8524818181818182,0.2592592592592592,0.0,0.0,0.0555555555555555,0.0,0.0185185185185185,0.0,0.0185185185185185,0.0555555555555555,0.0,0.0,0.0,0.074074074074074,0.0,0.0,0.0185185185185185,0.0185185185185185,0.0185185185185185,0.0,0.0,0.037037037037037,0.0185185185185185,0.0,0.0185185185185185,0.0,0.0555555555555555,0.0,0.0,0.0185185185185185,0.0,0.0185185185185185,0.0,0.0,0.0185185185185185,0.0555555555555555,0.0555555555555555,0.0,0.0,0.0,0.0185185185185185,0.0,0.0,0.0925925925925925,0.0,0.0555555555555555,0.0,0.0,0.0,0.0,0.0,0.0,0.0,0.0,0.0,0.0,0.0,0.0,0.0,0.0,0.0,0.0,,,,,,,,,,54,7,0.1296296296296296
BOOHOO,2022,60984,59887,0.0316923076923077,0.8422948717948717,0.1260384615384615,0.8205769230769232,0.1971830985915492,0.0,0.0,0.0422535211267605,0.0140845070422535,0.0140845070422535,0.0,0.0704225352112676,0.028169014084507,0.0140845070422535,0.028169014084507,0.0140845070422535,0.056338028169014,0.0,0.0,0.0,0.028169014084507,0.0140845070422535,0.028169014084507,0.0,0.0422535211267605,0.0140845070422535,0.0,0.0140845070422535,0.0,0.0422535211267605,0.0,0.0,0.0140845070422535,0.0,0.0,0.0,0.0,0.0,0.028169014084507,0.0422535211267605,0.0,0.0,0.0140845070422535,0.0140845070422535,0.0140845070422535,0.0,0.0704225352112676,0.0,0.0140845070422535,0.056338028169014,0.0,0.0,0.0,0.0,0.0140845070422535,0.0,0.0,0.0,0.0,0.0,0.0140845070422535,0.0140845070422535,0.028169014084507,0.0,0.0,,,,,,,,,,71,19,0.2676056338028169
BOOHOO,2023,67498,66005,0.034813953488372,0.8373255813953485,0.127953488372093,0.8055744186046513,0.2328767123287671,0.0136986301369863,0.0,0.0410958904109589,0.0,0.0136986301369863,0.0,0.0136986301369863,0.0273972602739726,0.0136986301369863,0.0410958904109589,0.0136986301369863,0.0684931506849315,0.0,0.0,0.0136986301369863,0.0,0.0136986301369863,0.0136986301369863,0.0,0.0273972602739726,0.0547945205479452,0.0,0.0273972602739726,0.0,0.0410958904109589,0.0136986301369863,0.0,0.0136986301369863,0.0,0.0136986301369863,0.0,0.0,0.0136986301369863,0.0136986301369863,0.0410958904109589,0.0,0.0,0.0136986301369863,0.0136986301369863,0.0136986301369863,0.0,0.0684931506849315,0.0273972602739726,0.0136986301369863,0.0136986301369863,0.0,0.0,0.0,0.0136986301369863,0.0,0.0,0.0136986301369863,0.0,0.0,0.0136986301369863,0.0,0.0,0.0136986301369863,0.0,0.0,,,,,,,,,,73,16,0.2191780821917808
BOOHOO,2024,69657,70254,0.0291477272727272,0.8650795454545454,0.1057727272727272,0.84455,0.2266666666666666,0.0133333333333333,0.0133333333333333,0.0533333333333333,0.0,0.0,0.0,0.0133333333333333,0.04,0.0,0.0666666666666666,0.0,0.04,0.0,0.0133333333333333,0.0,0.0266666666666666,0.0,0.0133333333333333,0.0,0.0666666666666666,0.04,0.0,0.0133333333333333,0.0,0.04,0.0,0.0,0.04,0.0133333333333333,0.0133333333333333,0.0,0.0,0.0,0.0133333333333333,0.0266666666666666,0.0,0.0,0.0,0.0133333333333333,0.0133333333333333,0.0,0.0666666666666666,0.0266666666666666,0.0,0.0133333333333333,0.0,0.0,0.0,0.0133333333333333,0.0266666666666666,0.0,0.0,0.0,0.0133333333333333,0.0,0.0,0.0,0.0133333333333333,0.0133333333333333,0.0,,,,,,,2.6,,waste/recycling amount = 2.6 tonnes; ,75,21,0.28
JD,2019,73225,71977,0.0286195652173913,0.8707282608695652,0.1006521739130434,0.863616304347826,0.1098901098901098,0.0879120879120879,0.0109890109890109,0.0219780219780219,0.0549450549450549,0.0,0.1208791208791208,0.0109890109890109,0.0219780219780219,0.0109890109890109,0.0,0.0439560439560439,0.0109890109890109,0.0,0.0329670329670329,0.0109890109890109,0.0329670329670329,0.0109890109890109,0.0219780219780219,0.0,0.0219780219780219,0.0109890109890109,0.0,0.0109890109890109,0.0,0.0,0.0109890109890109,0.0,0.0219780219780219,0.0109890109890109,0.0109890109890109,0.0,0.0,0.0219780219780219,0.0,0.0,0.0109890109890109,0.0659340659340659,0.0,0.0109890109890109,0.0,0.0,0.0,0.0219780219780219,0.0,0.0,0.0109890109890109,0.0,0.0329670329670329,0.0,0.0109890109890109,0.0,0.0109890109890109,0.0219780219780219,0.0219780219780219,0.0,0.0109890109890109,0.0109890109890109,0.0219780219780219,0.0,0.0,,,,,,85.0,4756.0,98.0,renewable energy percentage = 85.0 %; waste/recycling amount = 4756.0 tonnes; recycling/recycled percentage = 98.0 %; ,91,15,0.1648351648351648
JD,2020,90667,89548,0.0320782608695652,0.8663217391304348,0.1015652173913043,0.8918095652173913,0.1238938053097345,0.0707964601769911,0.0265486725663716,0.0265486725663716,0.0973451327433628,0.0088495575221238,0.079646017699115,0.0,0.0176991150442477,0.0176991150442477,0.0,0.0442477876106194,0.0265486725663716,0.0,0.0265486725663716,0.0176991150442477,0.0353982300884955,0.0,0.0,0.0,0.0530973451327433,0.0088495575221238,0.0,0.0,0.0,0.0,0.0176991150442477,0.0,0.0176991150442477,0.0,0.0176991150442477,0.0,0.0,0.0176991150442477,0.0,0.0,0.0088495575221238,0.0530973451327433,0.0,0.0088495575221238,0.0,0.0,0.0,0.0176991150442477,0.0176991150442477,0.0088495575221238,0.0176991150442477,0.0,0.0353982300884955,0.0,0.0088495575221238,0.0088495575221238,0.0,0.0,0.0176991150442477,0.0088495575221238,0.0088495575221238,0.0088495575221238,0.0088495575221238,0.0088495575221238,0.0,,,,,,,5491.0,,waste/recycling amount = 5491.0 tonnes; ,113,24,0.2123893805309734
JD,2021,108609,107383,0.0333260869565217,0.8626014492753623,0.1040289855072463,0.8936021739130434,0.1159420289855072,0.0869565217391304,0.036231884057971,0.0144927536231884,0.072463768115942,0.0,0.0942028985507246,0.0072463768115942,0.0217391304347826,0.0217391304347826,0.0144927536231884,0.0289855072463768,0.0289855072463768,0.0,0.0434782608695652,0.0,0.0507246376811594,0.0072463768115942,0.0,0.0,0.0144927536231884,0.0072463768115942,0.0,0.0217391304347826,0.0,0.0,0.0144927536231884,0.0,0.0,0.0,0.0144927536231884,0.0,0.0,0.0072463768115942,0.0,0.0,0.0072463768115942,0.0434782608695652,0.0217391304347826,0.0072463768115942,0.0,0.0,0.0,0.0289855072463768,0.0072463768115942,0.0072463768115942,0.0072463768115942,0.0144927536231884,0.036231884057971,0.0072463768115942,0.0289855072463768,0.0144927536231884,0.0072463768115942,0.0,0.0072463768115942,0.0,0.0,0.0217391304347826,0.0072463768115942,0.0,0.0,,,,,,,5173.0,,waste/recycling amount = 5173.0 tonnes; ,138,35,0.2536231884057971
JD,2022,125828,124110,0.0291761006289308,0.8706163522012579,0.1001698113207547,0.8892490566037736,0.0921052631578947,0.1184210526315789,0.0197368421052631,0.0131578947368421,0.0460526315789473,0.006578947368421,0.1513157894736842,0.006578947368421,0.006578947368421,0.0197368421052631,0.0394736842105263,0.0328947368421052,0.0328947368421052,0.006578947368421,0.0197368421052631,0.0131578947368421,0.0263157894736842,0.0197368421052631,0.0197368421052631,0.0,0.006578947368421,0.006578947368421,0.0,0.0131578947368421,0.0,0.0,0.0131578947368421,0.0,0.0131578947368421,0.0,0.006578947368421,0.0,0.0,0.0131578947368421,0.0,0.0,0.006578947368421,0.0394736842105263,0.006578947368421,0.0197368421052631,0.0,0.0,0.0,0.006578947368421,0.0197368421052631,0.006578947368421,0.0,0.0,0.0131578947368421,0.0,0.0131578947368421,0.006578947368421,0.006578947368421,0.006578947368421,0.006578947368421,0.0131578947368421,0.0131578947368421,0.0197368421052631,0.0,0.0328947368421052,0.0,,,,,,,5638.0,98.8,waste/recycling amount = 5638.0 tonnes; recycling/recycled percentage = 98.8 %; ,152,35,0.2302631578947368
JD,2023,144835,142990,0.0303027027027027,0.8638702702702704,0.1058162162162162,0.8655902702702704,0.1153846153846153,0.0989010989010989,0.0109890109890109,0.0109890109890109,0.0329670329670329,0.0,0.1263736263736263,0.0109890109890109,0.0274725274725274,0.0164835164835164,0.0329670329670329,0.0274725274725274,0.0219780219780219,0.0054945054945054,0.0219780219780219,0.0109890109890109,0.0384615384615384,0.0164835164835164,0.0164835164835164,0.0109890109890109,0.0164835164835164,0.0054945054945054,0.0,0.0054945054945054,0.0,0.0,0.0109890109890109,0.0,0.0054945054945054,0.0,0.0164835164835164,0.0054945054945054,0.0054945054945054,0.0109890109890109,0.0054945054945054,0.0109890109890109,0.0109890109890109,0.0329670329670329,0.0164835164835164,0.0164835164835164,0.0,0.0,0.0,0.0109890109890109,0.0,0.0,0.0,0.0054945054945054,0.0439560439560439,0.0109890109890109,0.0054945054945054,0.0,0.0,0.0,0.0054945054945054,0.0164835164835164,0.0,0.0219780219780219,0.0054945054945054,0.0439560439560439,0.0,,,,,,,5219.0,,waste/recycling amount = 5219.0 tonnes; ,182,43,0.2362637362637362
JD,2024,141112,138735,0.0311611111111111,0.8665611111111111,0.1023111111111111,0.8730944444444444,0.0813953488372093,0.1220930232558139,0.0232558139534883,0.0232558139534883,0.0348837209302325,0.0116279069767441,0.1220930232558139,0.0290697674418604,0.0232558139534883,0.0116279069767441,0.0348837209302325,0.0232558139534883,0.0174418604651162,0.005813953488372,0.0174418604651162,0.0116279069767441,0.0290697674418604,0.0174418604651162,0.0,0.005813953488372,0.0174418604651162,0.0116279069767441,0.0,0.0116279069767441,0.0,0.005813953488372,0.005813953488372,0.0,0.0174418604651162,0.005813953488372,0.0232558139534883,0.0,0.005813953488372,0.005813953488372,0.0,0.005813953488372,0.005813953488372,0.0290697674418604,0.005813953488372,0.005813953488372,0.0,0.0,0.0,0.0116279069767441,0.0116279069767441,0.0174418604651162,0.0,0.0174418604651162,0.0348837209302325,0.0116279069767441,0.005813953488372,0.005813953488372,0.0,0.005813953488372,0.005813953488372,0.0174418604651162,0.0,0.005813953488372,0.0116279069767441,0.0290697674418604,0.0,,,,,,,,,,172,34,0.1976744186046511
MKS,2019,112192,110798,0.030838028169014,0.8500774647887325,0.119112676056338,0.8761612676056337,0.1407407407407407,0.0592592592592592,0.0666666666666666,0.0518518518518518,0.0296296296296296,0.0,0.0,0.0296296296296296,0.0444444444444444,0.0148148148148148,0.0,0.0148148148148148,0.0074074074074074,0.037037037037037,0.0148148148148148,0.0148148148148148,0.0,0.0074074074074074,0.0222222222222222,0.0222222222222222,0.0074074074074074,0.0222222222222222,0.0666666666666666,0.0148148148148148,0.0,0.0,0.0074074074074074,0.0518518518518518,0.0,0.0074074074074074,0.0148148148148148,0.0222222222222222,0.0074074074074074,0.0,0.0296296296296296,0.0074074074074074,0.0148148148148148,0.0,0.0,0.0148148148148148,0.0074074074074074,0.0296296296296296,0.0,0.0,0.0074074074074074,0.0,0.0,0.0148148148148148,0.0,0.0,0.0074074074074074,0.0148148148148148,0.0,0.0074074074074074,0.0074074074074074,0.0074074074074074,0.0148148148148148,0.0074074074074074,0.0074074074074074,0.0,0.0,,,,,,,,,,135,6,0.0444444444444444
MKS,2020,138943,137055,0.0335738636363636,0.8529318181818181,0.1134545454545454,0.904069318181818,0.1829268292682926,0.0609756097560975,0.0365853658536585,0.0426829268292682,0.0121951219512195,0.0121951219512195,0.0,0.0304878048780487,0.0121951219512195,0.0304878048780487,0.0,0.0670731707317073,0.0060975609756097,0.0182926829268292,0.0304878048780487,0.0060975609756097,0.0,0.0060975609756097,0.0182926829268292,0.048780487804878,0.0,0.024390243902439,0.024390243902439,0.0121951219512195,0.0,0.0060975609756097,0.0060975609756097,0.0365853658536585,0.0060975609756097,0.024390243902439,0.0060975609756097,0.073170731707317,0.0,0.0121951219512195,0.0365853658536585,0.0,0.0121951219512195,0.0,0.0,0.0060975609756097,0.0060975609756097,0.0182926829268292,0.0,0.0,0.0,0.0,0.0,0.0060975609756097,0.0,0.0121951219512195,0.0,0.0,0.0,0.0060975609756097,0.0121951219512195,0.0121951219512195,0.0,0.0121951219512195,0.0060975609756097,0.0,0.0,,,,,,,,,,164,14,0.0853658536585365
MKS,2021,142722,140872,0.0323314917127071,0.8506850828729283,0.116939226519337,0.9010834254143644,0.1533742331288343,0.0736196319018405,0.0797546012269938,0.0490797546012269,0.0061349693251533,0.0184049079754601,0.0,0.0184049079754601,0.0306748466257668,0.0245398773006134,0.0122699386503067,0.0368098159509202,0.0122699386503067,0.0368098159509202,0.0061349693251533,0.0061349693251533,0.0,0.0184049079754601,0.0061349693251533,0.0368098159509202,0.0122699386503067,0.0184049079754601,0.0306748466257668,0.0122699386503067,0.0,0.0,0.0061349693251533,0.0368098159509202,0.0061349693251533,0.0122699386503067,0.0122699386503067,0.0552147239263803,0.0,0.0122699386503067,0.0184049079754601,0.0,0.0061349693251533,0.0,0.0061349693251533,0.0122699386503067,0.0061349693251533,0.0184049079754601,0.0,0.0,0.0061349693251533,0.0061349693251533,0.0061349693251533,0.0061349693251533,0.0,0.0061349693251533,0.0,0.0061349693251533,0.0,0.0122699386503067,0.0061349693251533,0.0061349693251533,0.0122699386503067,0.0184049079754601,0.0,0.0,0.0,,,,,,,5000.0,,waste/recycling amount = 5000.0 tonnes; ,163,17,0.1042944785276073
MKS,2022,140245,138526,0.0329887640449438,0.8514831460674157,0.1156179775280898,0.8913112359550562,0.1481481481481481,0.0555555555555555,0.0617283950617283,0.0493827160493827,0.0123456790123456,0.0246913580246913,0.0,0.0308641975308641,0.0185185185185185,0.0246913580246913,0.0185185185185185,0.0555555555555555,0.0061728395061728,0.0185185185185185,0.0185185185185185,0.0061728395061728,0.0,0.0246913580246913,0.0061728395061728,0.0493827160493827,0.0061728395061728,0.0123456790123456,0.0555555555555555,0.0061728395061728,0.0,0.0061728395061728,0.0185185185185185,0.0308641975308641,0.0123456790123456,0.0123456790123456,0.0061728395061728,0.037037037037037,0.0,0.0061728395061728,0.0185185185185185,0.0,0.0061728395061728,0.0,0.0246913580246913,0.0061728395061728,0.0123456790123456,0.0185185185185185,0.0,0.0061728395061728,0.0,0.0,0.0061728395061728,0.0061728395061728,0.0,0.0,0.0061728395061728,0.0,0.0061728395061728,0.0061728395061728,0.0061728395061728,0.0061728395061728,0.0123456790123456,0.0,0.0123456790123456,0.0,0.0,,,,,,,,,,162,21,0.1296296296296296
MKS,2023,141460,139311,0.0344388888888888,0.8457388888888889,0.1198444444444444,0.8653916666666667,0.1625,0.025,0.0625,0.05625,0.025,0.01875,0.0,0.00625,0.01875,0.04375,0.025,0.01875,0.0125,0.01875,0.0125,0.00625,0.0,0.0125,0.01875,0.0625,0.00625,0.0125,0.075,0.00625,0.0,0.00625,0.01875,0.0375,0.0125,0.0125,0.00625,0.025,0.0,0.01875,0.0125,0.0,0.00625,0.0,0.0125,0.00625,0.00625,0.025,0.0,0.0,0.00625,0.01875,0.0,0.0,0.0,0.00625,0.00625,0.0,0.0125,0.0125,0.00625,0.00625,0.00625,0.0,0.00625,0.0,0.0,,,,,,,,,,160,18,0.1125
MKS,2024,124230,122727,0.0344873417721518,0.8467215189873417,0.1188417721518987,0.8657208860759493,0.1428571428571428,0.0340136054421768,0.0544217687074829,0.0340136054421768,0.0272108843537414,0.0068027210884353,0.0,0.0408163265306122,0.0340136054421768,0.0068027210884353,0.0340136054421768,0.0,0.0136054421768707,0.0272108843537414,0.0204081632653061,0.0068027210884353,0.0,0.0136054421768707,0.0204081632653061,0.0748299319727891,0.0068027210884353,0.0068027210884353,0.0612244897959183,0.0136054421768707,0.0,0.0,0.0136054421768707,0.0408163265306122,0.0,0.0068027210884353,0.0068027210884353,0.0340136054421768,0.0068027210884353,0.0,0.0272108843537414,0.0,0.0136054421768707,0.0,0.0272108843537414,0.0136054421768707,0.0068027210884353,0.0204081632653061,0.0,0.0,0.0068027210884353,0.0204081632653061,0.0,0.0068027210884353,0.0,0.0068027210884353,0.0,0.0068027210884353,0.0,0.0136054421768707,0.0068027210884353,0.0068027210884353,0.0136054421768707,0.0068027210884353,0.0068027210884353,0.0,0.0,,,,,,,,,,147,16,0.1088435374149659
NEXT,2019,91602,89998,0.0314649122807017,0.8556842105263158,0.112859649122807,0.9114315789473684,0.1592920353982301,0.0176991150442477,0.0619469026548672,0.0530973451327433,0.0176991150442477,0.0973451327433628,0.0,0.0265486725663716,0.0176991150442477,0.0176991150442477,0.0,0.0088495575221238,0.0176991150442477,0.0619469026548672,0.0088495575221238,0.0442477876106194,0.0,0.0353982300884955,0.0265486725663716,0.0,0.0,0.0176991150442477,0.0,0.0176991150442477,0.0,0.0176991150442477,0.0088495575221238,0.0176991150442477,0.0088495575221238,0.0,0.0088495575221238,0.0,0.0530973451327433,0.0176991150442477,0.0,0.0088495575221238,0.0088495575221238,0.0,0.0,0.0088495575221238,0.0,0.0176991150442477,0.0,0.0,0.0088495575221238,0.0,0.0619469026548672,0.0088495575221238,0.0,0.0,0.0,0.0,0.0,0.0,0.0,0.0,0.0176991150442477,0.0,0.0,0.0,0.0176991150442477,46911.0,70693.0,,,,,,,scope 1 emissions = 46911.0 tco2e; scope 2 emissions = 70693.0 tco2e; ,113,3,0.0265486725663716
NEXT,2020,108438,106687,0.0344264705882352,0.8517720588235294,0.1138235294117647,0.8545463235294117,0.1773049645390071,0.0070921985815602,0.0851063829787234,0.0496453900709219,0.0496453900709219,0.0780141843971631,0.0,0.0212765957446808,0.0141843971631205,0.0212765957446808,0.0,0.0,0.0212765957446808,0.0354609929078014,0.0141843971631205,0.0425531914893617,0.0070921985815602,0.0070921985815602,0.0212765957446808,0.0,0.0,0.0212765957446808,0.0,0.0212765957446808,0.0,0.0212765957446808,0.0283687943262411,0.0070921985815602,0.0,0.0,0.0070921985815602,0.0,0.0354609929078014,0.0212765957446808,0.0070921985815602,0.0070921985815602,0.0141843971631205,0.0,0.0,0.0070921985815602,0.0141843971631205,0.0070921985815602,0.0,0.0070921985815602,0.0212765957446808,0.0,0.0141843971631205,0.0141843971631205,0.0,0.0283687943262411,0.0,0.0,0.0,0.0,0.0,0.0141843971631205,0.0,0.0,0.0,0.0,0.0283687943262411,45739.0,60440.0,,,,,,,scope 1 emissions = 45739.0 tco2e; scope 2 emissions = 60440.0 tco2e; ,141,5,0.0354609929078014
NEXT,2021,114386,112506,0.0341118881118881,0.8543286713286713,0.1115594405594405,0.9056202797202796,0.1037037037037037,0.0074074074074074,0.0592592592592592,0.0444444444444444,0.037037037037037,0.1037037037037037,0.0,0.0296296296296296,0.0296296296296296,0.0222222222222222,0.0148148148148148,0.0,0.0148148148148148,0.0518518518518518,0.0296296296296296,0.0444444444444444,0.0148148148148148,0.0148148148148148,0.0222222222222222,0.0,0.0074074074074074,0.0148148148148148,0.0,0.0,0.0,0.0296296296296296,0.0074074074074074,0.0296296296296296,0.0074074074074074,0.0074074074074074,0.0074074074074074,0.0,0.0444444444444444,0.0074074074074074,0.0,0.0,0.0148148148148148,0.0,0.0074074074074074,0.0148148148148148,0.0074074074074074,0.0148148148148148,0.0,0.0074074074074074,0.0148148148148148,0.0074074074074074,0.0148148148148148,0.0,0.0,0.0148148148148148,0.0074074074074074,0.0,0.0,0.0148148148148148,0.0148148148148148,0.0074074074074074,0.0,0.0,0.0,0.0,0.0296296296296296,36914.0,,,,,100.0,,,scope 1 emissions = 36914.0 tco2e; renewable energy percentage = 100.0 %; ,135,11,0.0814814814814814
NEXT,2022,127070,124860,0.0350062893081761,0.8559182389937109,0.1090314465408805,0.8161660377358492,0.1233766233766233,0.0194805194805194,0.0519480519480519,0.0389610389610389,0.0389610389610389,0.0519480519480519,0.0,0.0454545454545454,0.0129870129870129,0.0129870129870129,0.0259740259740259,0.0259740259740259,0.0194805194805194,0.0454545454545454,0.0129870129870129,0.0454545454545454,0.0194805194805194,0.0064935064935064,0.0129870129870129,0.0,0.0129870129870129,0.0194805194805194,0.0,0.0129870129870129,0.0,0.0129870129870129,0.0194805194805194,0.0129870129870129,0.0064935064935064,0.0129870129870129,0.0129870129870129,0.0,0.0454545454545454,0.0129870129870129,0.0,0.0064935064935064,0.0064935064935064,0.0,0.0129870129870129,0.0064935064935064,0.0064935064935064,0.0129870129870129,0.0,0.0064935064935064,0.0129870129870129,0.0064935064935064,0.0454545454545454,0.0259740259740259,0.0064935064935064,0.0129870129870129,0.0064935064935064,0.0,0.0,0.0064935064935064,0.0064935064935064,0.0,0.0,0.0,0.0,0.0,0.0194805194805194,42616.0,,,,,,,95.0,scope 1 emissions = 42616.0 tco2e; recycling/recycled percentage = 94.0 %; recycling/recycled percentage = 95.0 %; ,154,21,0.1363636363636363
NEXT,2023,129069,126758,0.0345493827160493,0.8529691358024692,0.1124567901234568,0.8505641975308642,0.1383647798742138,0.0062893081761006,0.0628930817610062,0.050314465408805,0.0125786163522012,0.0566037735849056,0.0,0.0251572327044025,0.0125786163522012,0.0188679245283018,0.0377358490566037,0.0,0.0251572327044025,0.0314465408805031,0.0125786163522012,0.0314465408805031,0.0251572327044025,0.0125786163522012,0.0314465408805031,0.0,0.0125786163522012,0.0188679245283018,0.0,0.0125786163522012,0.0,0.0188679245283018,0.0251572327044025,0.0062893081761006,0.0125786163522012,0.0062893081761006,0.0125786163522012,0.0,0.0566037735849056,0.0062893081761006,0.0,0.0188679245283018,0.0062893081761006,0.0,0.0062893081761006,0.0062893081761006,0.0188679245283018,0.0188679245283018,0.0,0.0062893081761006,0.0125786163522012,0.0125786163522012,0.0251572327044025,0.0062893081761006,0.0,0.0188679245283018,0.0062893081761006,0.0188679245283018,0.0,0.0062893081761006,0.0062893081761006,0.0,0.0,0.0,0.0,0.0,0.0251572327044025,43165.0,,,,,,,95.0,scope 1 emissions = 43165.0 tco2e; recycling/recycled percentage = 95.0 %; ,159,21,0.1320754716981132
NEXT,2024,136231,135242,0.0333157894736842,0.8546666666666665,0.112046783625731,0.8821309941520469,0.1144578313253012,0.0301204819277108,0.0662650602409638,0.0421686746987951,0.0180722891566265,0.0602409638554216,0.0,0.0421686746987951,0.0180722891566265,0.0240963855421686,0.0180722891566265,0.0,0.0240963855421686,0.0481927710843373,0.0,0.0421686746987951,0.0240963855421686,0.0180722891566265,0.0180722891566265,0.0,0.0301204819277108,0.0,0.0,0.0180722891566265,0.0,0.0180722891566265,0.0120481927710843,0.0060240963855421,0.0120481927710843,0.0060240963855421,0.0120481927710843,0.0,0.0240963855421686,0.0180722891566265,0.0,0.0240963855421686,0.0120481927710843,0.0,0.0,0.0,0.0060240963855421,0.0180722891566265,0.0,0.0060240963855421,0.0,0.0120481927710843,0.0180722891566265,0.0240963855421686,0.0,0.0060240963855421,0.0060240963855421,0.072289156626506,0.0,0.0060240963855421,0.0,0.0,0.0,0.0,0.0060240963855421,0.0,0.0180722891566265,44001.0,,,,,,,96.0,scope 1 emissions = 44001.0 tco2e; recycling/recycled percentage = 96.0 %; ,166,20,0.1204819277108433
